Time,Number of Individuals,,,,,
0,0,0,0,0,0,0
1,0,0,2,1,1,0.8
2,0,0,2,1,1,0.8
3,0,0,2,1,1,0.8
4,0,0,2,1,1,0.8
5,0,0,2,1,1,0.8
6,0,0,2,1,1,0.8
7,0,0,2,1,1,0.8
8,0,0,2,1,1,0.8
9,0,0,2,1,1,0.8
10,0,0,2,1,1,0.8
11,0,0,2,1,1,0.8
12,0,0,2,1,1,0.8
13,0,0,2,1,1,0.8
14,0,0,2,1,1,0.8
15,0,0,2,1,1,0.8
16,0,1,2,1,1,1
17,0,1,2,1,1,1
18,0,1,2,1,1,1
19,0,1,2,1,1,1
20,0,1,2,1,1,1
21,0,1,2,1,1,1
22,0,1,2,1,1,1
23,0,1,2,1,1,1
24,0,1,2,1,1,1
25,0,1,2,1,1,1
26,0,1,2,1,1,1
27,0,1,2,1,1,1
28,0,1,2,1,1,1
29,0,1,2,1,1,1
30,0,2,2,1,1,1.2
31,1,3,2,1,1,1.6
32,1,3,2,1,1,1.6
33,1,3,2,1,1,1.6
34,1,3,2,1,1,1.6
35,1,3,2,1,1,1.6
36,1,3,2,1,1,1.6
37,1,3,2,1,1,1.6
38,1,3,2,1,1,1.6
39,1,3,2,1,1,1.6
40,1,3,2,1,1,1.6
41,1,3,2,1,1,1.6
42,1,3,2,1,1,1.6
43,1,3,2,1,1,1.6
44,1,3,2,1,1,1.6
45,1,3,2,2,2,2
46,1,4,2,3,6,3.2
47,1,4,2,3,6,3.2
48,1,4,2,3,6,3.2
49,1,4,2,3,6,3.2
50,1,4,2,3,6,3.2
51,1,4,2,3,6,3.2
52,1,4,2,3,6,3.2
53,1,4,2,3,6,3.2
54,1,4,2,3,6,3.2
55,1,4,2,3,6,3.2
56,1,4,2,3,6,3.2
57,1,4,2,3,6,3.2
58,1,4,2,3,6,3.2
59,1,4,2,3,6,3.2
60,1,4,2,3,6,3.2
61,1,6,5,4,7,4.6
62,1,6,5,4,7,4.6
63,1,6,5,4,7,4.6
64,1,6,5,4,7,4.6
65,1,6,5,4,7,4.6
66,1,6,5,4,7,4.6
67,1,6,5,4,7,4.6
68,1,6,5,4,7,4.6
69,1,6,5,4,7,4.6
70,1,6,5,4,7,4.6
71,1,6,5,4,7,4.6
72,1,6,5,4,7,4.6
73,1,6,5,4,7,4.6
74,1,6,5,4,7,4.6
75,1,7,5,4,7,4.8
76,1,9,6,6,8,6
77,1,9,6,6,8,6
78,1,9,6,6,8,6
79,1,9,6,6,8,6
80,1,9,6,6,8,6
81,1,9,6,6,8,6
82,1,9,6,6,8,6
83,1,9,6,6,8,6
84,1,9,6,6,8,6
85,1,9,6,6,8,6
86,1,9,6,6,8,6
87,1,9,6,6,8,6
88,1,9,6,6,8,6
89,1,9,6,6,8,6
90,2,9,6,6,9,6.4
91,2,10,11,9,13,9
92,2,10,11,9,13,9
93,2,10,11,9,13,9
94,2,10,11,9,13,9
95,2,10,11,9,13,9
96,2,10,11,9,13,9
97,2,10,11,9,13,9
98,2,10,11,9,13,9
99,2,10,11,9,13,9
100,2,10,11,9,13,9
101,2,10,11,9,13,9
102,2,10,11,9,13,9
103,2,10,11,9,13,9
104,2,10,11,9,13,9
105,2,10,11,9,13,9
106,3,12,13,9,14,10.2
107,3,12,13,9,14,10.2
108,3,12,13,9,14,10.2
109,3,12,13,9,14,10.2
110,3,12,13,9,14,10.2
111,3,12,13,9,14,10.2
112,3,12,13,9,14,10.2
113,3,12,13,9,14,10.2
114,3,12,13,9,14,10.2
115,3,12,13,9,14,10.2
116,3,12,13,9,14,10.2
117,3,12,13,9,14,10.2
118,3,12,13,9,14,10.2
119,3,12,13,9,14,10.2
120,3,12,13,10,14,10.4
121,4,14,16,15,15,12.8
122,4,14,16,15,15,12.8
123,4,14,16,15,15,12.8
124,4,14,16,15,15,12.8
125,4,14,16,15,15,12.8
126,4,14,16,15,15,12.8
127,4,14,16,15,15,12.8
128,4,14,16,15,15,12.8
129,4,14,16,15,15,12.8
130,4,14,16,15,15,12.8
131,4,14,16,15,15,12.8
132,4,14,16,15,15,12.8
133,4,14,16,15,15,12.8
134,4,14,16,15,15,12.8
135,4,14,16,15,15,12.8
136,6,15,20,17,16,14.8
137,6,15,20,17,16,14.8
138,6,15,20,17,16,14.8
139,6,15,20,17,16,14.8
140,6,15,20,17,16,14.8
141,6,15,20,17,16,14.8
142,6,15,20,17,16,14.8
143,6,15,20,17,16,14.8
144,6,15,20,17,16,14.8
145,6,15,20,17,16,14.8
146,6,15,20,17,16,14.8
147,6,15,20,17,16,14.8
148,6,15,20,17,16,14.8
149,6,15,20,17,16,14.8
150,6,15,20,17,16,14.8
151,7,17,23,18,17,16.4
152,7,17,23,18,17,16.4
153,7,17,23,18,17,16.4
154,7,17,23,18,17,16.4
155,7,17,23,18,17,16.4
156,7,17,23,18,17,16.4
157,7,17,23,18,17,16.4
158,7,17,23,18,17,16.4
159,7,17,23,18,17,16.4
160,7,17,23,18,17,16.4
161,7,17,23,18,17,16.4
162,7,17,23,18,17,16.4
163,7,17,23,18,17,16.4
164,7,17,23,18,17,16.4
165,8,17,23,18,17,16.6
166,12,22,23,21,20,19.6
167,12,22,23,21,20,19.6
168,12,22,23,21,20,19.6
169,12,22,23,21,20,19.6
170,12,22,23,21,20,19.6
171,12,22,23,21,20,19.6
172,12,22,23,21,20,19.6
173,12,22,23,21,20,19.6
174,12,22,23,21,20,19.6
175,12,22,23,21,20,19.6
176,12,22,23,21,20,19.6
177,12,22,23,21,20,19.6
178,12,22,23,21,20,19.6
179,12,22,23,21,20,19.6
180,12,22,23,21,20,19.6
181,15,26,27,22,22,22.4
182,15,26,27,22,22,22.4
183,15,26,27,22,22,22.4
184,15,26,27,22,22,22.4
185,15,26,27,22,22,22.4
186,15,26,27,22,22,22.4
187,15,26,27,22,22,22.4
188,15,26,27,22,22,22.4
189,15,26,27,22,22,22.4
190,15,26,27,22,22,22.4
191,15,26,27,22,22,22.4
192,15,26,27,22,22,22.4
193,15,26,27,22,22,22.4
194,15,26,27,22,22,22.4
195,15,26,28,22,22,22.6
196,18,31,29,25,28,26.2
197,18,31,29,25,28,26.2
198,18,31,29,25,28,26.2
199,18,31,29,25,28,26.2
200,18,31,29,25,28,26.2
201,18,31,29,25,28,26.2
202,18,31,29,25,28,26.2
203,18,31,29,25,28,26.2
204,18,31,29,25,28,26.2
205,18,31,29,25,28,26.2
206,18,31,29,25,28,26.2
207,18,31,29,25,28,26.2
208,18,31,29,25,28,26.2
209,18,31,29,25,28,26.2
210,18,31,29,25,29,26.4
211,23,35,29,28,33,29.6
212,23,35,29,28,33,29.6
213,23,35,29,28,33,29.6
214,23,35,29,28,33,29.6
215,23,35,29,28,33,29.6
216,23,35,29,28,33,29.6
217,23,35,29,28,33,29.6
218,23,35,29,28,33,29.6
219,23,35,29,28,33,29.6
220,23,35,29,28,33,29.6
221,23,35,29,28,33,29.6
222,23,35,29,28,33,29.6
223,23,35,29,28,33,29.6
224,23,35,29,28,33,29.6
225,23,35,29,29,33,29.8
226,24,38,32,34,39,33.4
227,24,38,32,34,39,33.4
228,24,38,32,34,39,33.4
229,24,38,32,34,39,33.4
230,24,38,32,34,39,33.4
231,24,38,32,34,39,33.4
232,24,38,32,34,39,33.4
233,24,38,32,34,39,33.4
234,24,38,32,34,39,33.4
235,24,38,32,34,39,33.4
236,24,38,32,34,39,33.4
237,24,38,32,34,39,33.4
238,24,38,32,34,39,33.4
239,24,38,32,34,39,33.4
240,24,38,32,34,39,33.4
241,27,40,32,37,42,35.6
242,27,40,32,37,42,35.6
243,27,40,32,37,42,35.6
244,27,40,32,37,42,35.6
245,27,40,32,37,42,35.6
246,27,40,32,37,42,35.6
247,27,40,32,37,42,35.6
248,27,40,32,37,42,35.6
249,27,40,32,37,42,35.6
250,27,40,32,37,42,35.6
251,27,40,32,37,42,35.6
252,27,40,32,37,42,35.6
253,27,40,32,37,42,35.6
254,27,40,32,37,42,35.6
255,27,40,32,37,42,35.6
256,28,43,36,38,43,37.6
257,28,43,36,38,43,37.6
258,28,43,36,38,43,37.6
259,28,43,36,38,43,37.6
260,28,43,36,38,43,37.6
261,28,43,36,38,43,37.6
262,28,43,36,38,43,37.6
263,28,43,36,38,43,37.6
264,28,43,36,38,43,37.6
265,28,43,36,38,43,37.6
266,28,43,36,38,43,37.6
267,28,43,36,38,43,37.6
268,28,43,36,38,43,37.6
269,28,43,36,38,43,37.6
270,28,43,36,38,43,37.6
271,29,44,41,40,48,40.4
272,29,44,41,40,48,40.4
273,29,44,41,40,48,40.4
274,29,44,41,40,48,40.4
275,29,44,41,40,48,40.4
276,29,44,41,40,48,40.4
277,29,44,41,40,48,40.4
278,29,44,41,40,48,40.4
279,29,44,41,40,48,40.4
280,29,44,41,40,48,40.4
281,29,44,41,40,48,40.4
282,29,44,41,40,48,40.4
283,29,44,41,40,48,40.4
284,29,44,41,40,48,40.4
285,29,44,41,41,48,40.6
286,29,49,41,43,49,42.2
287,29,49,41,43,49,42.2
288,29,49,41,43,49,42.2
289,29,49,41,43,49,42.2
290,29,49,41,43,49,42.2
291,29,49,41,43,49,42.2
292,29,49,41,43,49,42.2
293,29,49,41,43,49,42.2
294,29,49,41,43,49,42.2
295,29,49,41,43,49,42.2
296,29,49,41,43,49,42.2
297,29,49,41,43,49,42.2
298,29,49,41,43,49,42.2
299,29,49,41,43,49,42.2
300,30,49,41,43,49,42.4
301,33,52,46,47,51,45.8
302,33,52,46,47,51,45.8
303,33,52,46,47,51,45.8
304,33,52,46,47,51,45.8
305,33,52,46,47,51,45.8
306,33,52,46,47,51,45.8
307,33,52,46,47,51,45.8
308,33,52,46,47,51,45.8
309,33,52,46,47,51,45.8
310,33,52,46,47,51,45.8
311,33,52,46,47,51,45.8
312,33,52,46,47,51,45.8
313,33,52,46,47,51,45.8
314,33,52,46,47,51,45.8
315,33,52,46,47,51,45.8
316,34,53,48,51,56,48.4
317,34,53,48,51,56,48.4
318,34,53,48,51,56,48.4
319,34,53,48,51,56,48.4
320,34,53,48,51,56,48.4
321,34,53,48,51,56,48.4
322,34,53,48,51,56,48.4
323,34,53,48,51,56,48.4
324,34,53,48,51,56,48.4
325,34,53,48,51,56,48.4
326,34,53,48,51,56,48.4
327,34,53,48,51,56,48.4
328,34,53,48,51,56,48.4
329,34,53,48,51,56,48.4
330,34,53,48,51,56,48.4
331,38,55,50,53,57,50.6
332,38,55,50,53,57,50.6
333,38,55,50,53,57,50.6
334,38,55,50,53,57,50.6
335,38,55,50,53,57,50.6
336,38,55,50,53,57,50.6
337,38,55,50,53,57,50.6
338,38,55,50,53,57,50.6
339,38,55,50,53,57,50.6
340,38,55,50,53,57,50.6
341,38,55,50,53,57,50.6
342,38,55,50,53,57,50.6
343,38,55,50,53,57,50.6
344,38,55,50,53,57,50.6
345,39,55,50,53,57,50.8
346,41,55,51,54,58,51.8
347,41,55,51,54,58,51.8
348,41,55,51,54,58,51.8
349,41,55,51,54,58,51.8
350,41,55,51,54,58,51.8
351,41,55,51,54,58,51.8
352,41,55,51,54,58,51.8
353,41,55,51,54,58,51.8
354,41,55,51,54,58,51.8
355,41,55,51,54,58,51.8
356,41,55,51,54,58,51.8
357,41,55,51,54,58,51.8
358,41,55,51,54,58,51.8
359,41,55,51,54,58,51.8
360,42,55,51,54,58,52
361,45,56,54,54,58,53.4
362,45,56,54,54,58,53.4
363,45,56,54,54,58,53.4
364,45,56,54,54,58,53.4
365,45,56,54,54,58,53.4
366,45,56,54,54,58,53.4
367,45,56,54,54,58,53.4
368,45,56,54,54,58,53.4
369,45,56,54,54,58,53.4
370,45,56,54,54,58,53.4
371,45,56,54,54,58,53.4
372,45,56,54,54,58,53.4
373,45,56,54,54,58,53.4
374,45,56,54,54,58,53.4
375,45,56,54,54,58,53.4
376,48,59,56,54,58,55
377,48,59,56,54,58,55
378,48,59,56,54,58,55
379,48,59,56,54,58,55
380,48,59,56,54,58,55
381,48,59,56,54,58,55
382,48,59,56,54,58,55
383,48,59,56,54,58,55
384,48,59,56,54,58,55
385,48,59,56,54,58,55
386,48,59,56,54,58,55
387,48,59,56,54,58,55
388,48,59,56,54,58,55
389,48,59,56,54,58,55
390,48,59,56,54,58,55
391,48,61,58,58,58,56.6
392,48,61,58,58,58,56.6
393,48,61,58,58,58,56.6
394,48,61,58,58,58,56.6
395,48,61,58,58,58,56.6
396,48,61,58,58,58,56.6
397,48,61,58,58,58,56.6
398,48,61,58,58,58,56.6
399,48,61,58,58,58,56.6
400,48,61,58,58,58,56.6
401,48,61,58,58,58,56.6
402,48,61,58,58,58,56.6
403,48,61,58,58,58,56.6
404,48,61,58,58,58,56.6
405,48,61,58,58,58,56.6
406,50,62,63,61,60,59.2
407,50,62,63,61,60,59.2
408,50,62,63,61,60,59.2
409,50,62,63,61,60,59.2
410,50,62,63,61,60,59.2
411,50,62,63,61,60,59.2
412,50,62,63,61,60,59.2
413,50,62,63,61,60,59.2
414,50,62,63,61,60,59.2
415,50,62,63,61,60,59.2
416,50,62,63,61,60,59.2
417,50,62,63,61,60,59.2
418,50,62,63,61,60,59.2
419,50,62,63,61,60,59.2
420,50,62,63,61,60,59.2
421,50,64,65,64,60,60.6
422,50,64,65,64,60,60.6
423,50,64,65,64,60,60.6
424,50,64,65,64,60,60.6
425,50,64,65,64,60,60.6
426,50,64,65,64,60,60.6
427,50,64,65,64,60,60.6
428,50,64,65,64,60,60.6
429,50,64,65,64,60,60.6
430,50,64,65,64,60,60.6
431,50,64,65,64,60,60.6
432,50,64,65,64,60,60.6
433,50,64,65,64,60,60.6
434,50,64,65,64,60,60.6
435,50,65,65,64,60,60.8
436,52,72,66,67,61,63.6
437,52,72,66,67,61,63.6
438,52,72,66,67,61,63.6
439,52,72,66,67,61,63.6
440,52,72,66,67,61,63.6
441,52,72,66,67,61,63.6
442,52,72,66,67,61,63.6
443,52,72,66,67,61,63.6
444,52,72,66,67,61,63.6
445,52,72,66,67,61,63.6
446,52,72,66,67,61,63.6
447,52,72,66,67,61,63.6
448,52,72,66,67,61,63.6
449,52,72,66,67,61,63.6
450,52,72,66,67,61,63.6
451,54,73,67,69,61,64.8
452,54,73,67,69,61,64.8
453,54,73,67,69,61,64.8
454,54,73,67,69,61,64.8
455,54,73,67,69,61,64.8
456,54,73,67,69,61,64.8
457,54,73,67,69,61,64.8
458,54,73,67,69,61,64.8
459,54,73,67,69,61,64.8
460,54,73,67,69,61,64.8
461,54,73,67,69,61,64.8
462,54,73,67,69,61,64.8
463,54,73,67,69,61,64.8
464,54,73,67,69,61,64.8
465,55,73,67,69,61,65
466,58,73,68,69,62,66
467,58,73,68,69,62,66
468,58,73,68,69,62,66
469,58,73,68,69,62,66
470,58,73,68,69,62,66
471,58,73,68,69,62,66
472,58,73,68,69,62,66
473,58,73,68,69,62,66
474,58,73,68,69,62,66
475,58,73,68,69,62,66
476,58,73,68,69,62,66
477,58,73,68,69,62,66
478,58,73,68,69,62,66
479,58,73,68,69,62,66
480,58,73,68,69,63,66.2
481,62,75,68,70,63,67.6
482,62,75,68,70,63,67.6
483,62,75,68,70,63,67.6
484,62,75,68,70,63,67.6
485,62,75,68,70,63,67.6
486,62,75,68,70,63,67.6
487,62,75,68,70,63,67.6
488,62,75,68,70,63,67.6
489,62,75,68,70,63,67.6
490,62,75,68,70,63,67.6
491,62,75,68,70,63,67.6
492,62,75,68,70,63,67.6
493,62,75,68,70,63,67.6
494,62,75,68,70,63,67.6
495,62,75,68,70,63,67.6
496,64,75,68,71,64,68.4
497,64,75,68,71,64,68.4
498,64,75,68,71,64,68.4
499,64,75,68,71,64,68.4
500,64,75,68,71,64,68.4
501,64,75,68,71,64,68.4
502,64,75,68,71,64,68.4
503,64,75,68,71,64,68.4
504,64,75,68,71,64,68.4
505,64,75,68,71,64,68.4
506,64,75,68,71,64,68.4
507,64,75,68,71,64,68.4
508,64,75,68,71,64,68.4
509,64,75,68,71,64,68.4
510,64,75,68,71,64,68.4
511,64,76,71,72,66,69.8
512,64,76,71,72,66,69.8
513,64,76,71,72,66,69.8
514,64,76,71,72,66,69.8
515,64,76,71,72,66,69.8
516,64,76,71,72,66,69.8
517,64,76,71,72,66,69.8
518,64,76,71,72,66,69.8
519,64,76,71,72,66,69.8
520,64,76,71,72,66,69.8
521,64,76,71,72,66,69.8
522,64,76,71,72,66,69.8
523,64,76,71,72,66,69.8
524,64,76,71,72,66,69.8
525,64,76,71,72,66,69.8
526,67,77,71,74,69,71.6
527,67,77,71,74,69,71.6
528,67,77,71,74,69,71.6
529,67,77,71,74,69,71.6
530,67,77,71,74,69,71.6
531,67,77,71,74,69,71.6
532,67,77,71,74,69,71.6
533,67,77,71,74,69,71.6
534,67,77,71,74,69,71.6
535,67,77,71,74,69,71.6
536,67,77,71,74,69,71.6
537,67,77,71,74,69,71.6
538,67,77,71,74,69,71.6
539,67,77,71,74,69,71.6
540,67,77,71,74,69,71.6
541,68,77,73,76,70,72.8
542,68,77,73,76,70,72.8
543,68,77,73,76,70,72.8
544,68,77,73,76,70,72.8
545,68,77,73,76,70,72.8
546,68,77,73,76,70,72.8
547,68,77,73,76,70,72.8
548,68,77,73,76,70,72.8
549,68,77,73,76,70,72.8
550,68,77,73,76,70,72.8
551,68,77,73,76,70,72.8
552,68,77,73,76,70,72.8
553,68,77,73,76,70,72.8
554,68,77,73,76,70,72.8
555,68,77,73,76,70,72.8
556,70,81,74,77,71,74.6
557,70,81,74,77,71,74.6
558,70,81,74,77,71,74.6
559,70,81,74,77,71,74.6
560,70,81,74,77,71,74.6
561,70,81,74,77,71,74.6
562,70,81,74,77,71,74.6
563,70,81,74,77,71,74.6
564,70,81,74,77,71,74.6
565,70,81,74,77,71,74.6
566,70,81,74,77,71,74.6
567,70,81,74,77,71,74.6
568,70,81,74,77,71,74.6
569,70,81,74,77,71,74.6
570,70,81,74,77,71,74.6
571,72,82,74,79,72,75.8
572,72,82,74,79,72,75.8
573,72,82,74,79,72,75.8
574,72,82,74,79,72,75.8
575,72,82,74,79,72,75.8
576,72,82,74,79,72,75.8
577,72,82,74,79,72,75.8
578,72,82,74,79,72,75.8
579,72,82,74,79,72,75.8
580,72,82,74,79,72,75.8
581,72,82,74,79,72,75.8
582,72,82,74,79,72,75.8
583,72,82,74,79,72,75.8
584,72,82,74,79,72,75.8
585,72,83,74,79,72,76
586,74,85,74,80,73,77.2
587,74,85,74,80,73,77.2
588,74,85,74,80,73,77.2
589,74,85,74,80,73,77.2
590,74,85,74,80,73,77.2
591,74,85,74,80,73,77.2
592,74,85,74,80,73,77.2
593,74,85,74,80,73,77.2
594,74,85,74,80,73,77.2
595,74,85,74,80,73,77.2
596,74,85,74,80,73,77.2
597,74,85,74,80,73,77.2
598,74,85,74,80,73,77.2
599,74,85,74,80,73,77.2
600,74,85,74,81,73,77.4
601,76,88,74,82,74,78.8
602,76,88,74,82,74,78.8
603,76,88,74,82,74,78.8
604,76,88,74,82,74,78.8
605,76,88,74,82,74,78.8
606,76,88,74,82,74,78.8
607,76,88,74,82,74,78.8
608,76,88,74,82,74,78.8
609,76,88,74,82,74,78.8
610,76,88,74,82,74,78.8
611,76,88,74,82,74,78.8
612,76,88,74,82,74,78.8
613,76,88,74,82,74,78.8
614,76,88,74,82,74,78.8
615,76,88,74,82,74,78.8
616,76,89,74,83,75,79.4
617,76,89,74,83,75,79.4
618,76,89,74,83,75,79.4
619,76,89,74,83,75,79.4
620,76,89,74,83,75,79.4
621,76,89,74,83,75,79.4
622,76,89,74,83,75,79.4
623,76,89,74,83,75,79.4
624,76,89,74,83,75,79.4
625,76,89,74,83,75,79.4
626,76,89,74,83,75,79.4
627,76,89,74,83,75,79.4
628,76,89,74,83,75,79.4
629,76,89,74,83,75,79.4
630,76,89,74,83,75,79.4
631,78,89,75,85,76,80.6
632,78,89,75,85,76,80.6
633,78,89,75,85,76,80.6
634,78,89,75,85,76,80.6
635,78,89,75,85,76,80.6
636,78,89,75,85,76,80.6
637,78,89,75,85,76,80.6
638,78,89,75,85,76,80.6
639,78,89,75,85,76,80.6
640,78,89,75,85,76,80.6
641,78,89,75,85,76,80.6
642,78,89,75,85,76,80.6
643,78,89,75,85,76,80.6
644,78,89,75,85,76,80.6
645,78,89,75,85,76,80.6
646,80,89,75,85,76,81
647,80,89,75,85,76,81
648,80,89,75,85,76,81
649,80,89,75,85,76,81
650,80,89,75,85,76,81
651,80,89,75,85,76,81
652,80,89,75,85,76,81
653,80,89,75,85,76,81
654,80,89,75,85,76,81
655,80,89,75,85,76,81
656,80,89,75,85,76,81
657,80,89,75,85,76,81
658,80,89,75,85,76,81
659,80,89,75,85,76,81
660,81,89,75,85,76,81.2
661,81,89,75,86,78,81.8
662,81,89,75,86,78,81.8
663,81,89,75,86,78,81.8
664,81,89,75,86,78,81.8
665,81,89,75,86,78,81.8
666,81,89,75,86,78,81.8
667,81,89,75,86,78,81.8
668,81,89,75,86,78,81.8
669,81,89,75,86,78,81.8
670,81,89,75,86,78,81.8
671,81,89,75,86,78,81.8
672,81,89,75,86,78,81.8
673,81,89,75,86,78,81.8
674,81,89,75,86,78,81.8
675,81,89,75,86,78,81.8
676,81,89,76,88,79,82.6
677,81,89,76,88,79,82.6
678,81,89,76,88,79,82.6
679,81,89,76,88,79,82.6
680,81,89,76,88,79,82.6
681,81,89,76,88,79,82.6
682,81,89,76,88,79,82.6
683,81,89,76,88,79,82.6
684,81,89,76,88,79,82.6
685,81,89,76,88,79,82.6
686,81,89,76,88,79,82.6
687,81,89,76,88,79,82.6
688,81,89,76,88,79,82.6
689,81,89,76,88,79,82.6
690,81,89,76,89,80,83
691,82,89,78,89,80,83.6
692,82,89,78,89,80,83.6
693,82,89,78,89,80,83.6
694,82,89,78,89,80,83.6
695,82,89,78,89,80,83.6
696,82,89,78,89,80,83.6
697,82,89,78,89,80,83.6
698,82,89,78,89,80,83.6
699,82,89,78,89,80,83.6
700,82,89,78,89,80,83.6
701,82,89,78,89,80,83.6
702,82,89,78,89,80,83.6
703,82,89,78,89,80,83.6
704,82,89,78,89,80,83.6
705,82,89,78,89,81,83.8
706,83,89,78,89,81,84
707,83,89,78,89,81,84
708,83,89,78,89,81,84
709,83,89,78,89,81,84
710,83,89,78,89,81,84
711,83,89,78,89,81,84
712,83,89,78,89,81,84
713,83,89,78,89,81,84
714,83,89,78,89,81,84
715,83,89,78,89,81,84
716,83,89,78,89,81,84
717,83,89,78,89,81,84
718,83,89,78,89,81,84
719,83,89,78,89,81,84
720,83,89,78,89,81,84
721,83,90,78,90,81,84.4
722,83,90,78,90,81,84.4
723,83,90,78,90,81,84.4
724,83,90,78,90,81,84.4
725,83,90,78,90,81,84.4
726,83,90,78,90,81,84.4
727,83,90,78,90,81,84.4
728,83,90,78,90,81,84.4
729,83,90,78,90,81,84.4
730,83,90,78,90,81,84.4
731,83,90,78,90,81,84.4
732,83,90,78,90,81,84.4
733,83,90,78,90,81,84.4
734,83,90,78,90,81,84.4
735,83,90,79,90,81,84.6
736,84,90,79,90,81,84.8
737,84,90,79,90,81,84.8
738,84,90,79,90,81,84.8
739,84,90,79,90,81,84.8
740,84,90,79,90,81,84.8
741,84,90,79,90,81,84.8
742,84,90,79,90,81,84.8
743,84,90,79,90,81,84.8
744,84,90,79,90,81,84.8
745,84,90,79,90,81,84.8
746,84,90,79,90,81,84.8
747,84,90,79,90,81,84.8
748,84,90,79,90,81,84.8
749,84,90,79,90,81,84.8
750,84,90,79,90,81,84.8
751,84,91,80,90,82,85.4
752,84,91,80,90,82,85.4
753,84,91,80,90,82,85.4
754,84,91,80,90,82,85.4
755,84,91,80,90,82,85.4
756,84,91,80,90,82,85.4
757,84,91,80,90,82,85.4
758,84,91,80,90,82,85.4
759,84,91,80,90,82,85.4
760,84,91,80,90,82,85.4
761,84,91,80,90,82,85.4
762,84,91,80,90,82,85.4
763,84,91,80,90,82,85.4
764,84,91,80,90,82,85.4
765,84,91,80,90,82,85.4
766,84,91,80,90,82,85.4
767,84,91,80,90,82,85.4
768,84,91,80,90,82,85.4
769,84,91,80,90,82,85.4
770,84,91,80,90,82,85.4
771,84,91,80,90,82,85.4
772,84,91,80,90,82,85.4
773,84,91,80,90,82,85.4
774,84,91,80,90,82,85.4
775,84,91,80,90,82,85.4
776,84,91,80,90,82,85.4
777,84,91,80,90,82,85.4
778,84,91,80,90,82,85.4
779,84,91,80,90,82,85.4
780,84,91,80,90,82,85.4
781,84,91,82,91,82,86
782,84,91,82,91,82,86
783,84,91,82,91,82,86
784,84,91,82,91,82,86
785,84,91,82,91,82,86
786,84,91,82,91,82,86
787,84,91,82,91,82,86
788,84,91,82,91,82,86
789,84,91,82,91,82,86
790,84,91,82,91,82,86
791,84,91,82,91,82,86
792,84,91,82,91,82,86
793,84,91,82,91,82,86
794,84,91,82,91,82,86
795,84,91,82,91,82,86
796,85,91,82,91,82,86.2
797,85,91,82,91,82,86.2
798,85,91,82,91,82,86.2
799,85,91,82,91,82,86.2
800,85,91,82,91,82,86.2
801,85,91,82,91,82,86.2
802,85,91,82,91,82,86.2
803,85,91,82,91,82,86.2
804,85,91,82,91,82,86.2
805,85,91,82,91,82,86.2
806,85,91,82,91,82,86.2
807,85,91,82,91,82,86.2
808,85,91,82,91,82,86.2
809,85,91,82,91,82,86.2
810,85,91,82,91,82,86.2
811,85,91,82,91,82,86.2
812,85,91,82,91,82,86.2
813,85,91,82,91,82,86.2
814,85,91,82,91,82,86.2
815,85,91,82,91,82,86.2
816,85,91,82,91,82,86.2
817,85,91,82,91,82,86.2
818,85,91,82,91,82,86.2
819,85,91,82,91,82,86.2
820,85,91,82,91,82,86.2
821,85,91,82,91,82,86.2
822,85,91,82,91,82,86.2
823,85,91,82,91,82,86.2
824,85,91,82,91,82,86.2
825,85,91,82,91,82,86.2
826,86,91,82,91,83,86.6
827,86,91,82,91,83,86.6
828,86,91,82,91,83,86.6
829,86,91,82,91,83,86.6
830,86,91,82,91,83,86.6
831,86,91,82,91,83,86.6
832,86,91,82,91,83,86.6
833,86,91,82,91,83,86.6
834,86,91,82,91,83,86.6
835,86,91,82,91,83,86.6
836,86,91,82,91,83,86.6
837,86,91,82,91,83,86.6
838,86,91,82,91,83,86.6
839,86,91,82,91,83,86.6
840,86,91,82,91,83,86.6
841,88,93,83,91,84,87.8
842,88,93,83,91,84,87.8
843,88,93,83,91,84,87.8
844,88,93,83,91,84,87.8
845,88,93,83,91,84,87.8
846,88,93,83,91,84,87.8
847,88,93,83,91,84,87.8
848,88,93,83,91,84,87.8
849,88,93,83,91,84,87.8
850,88,93,83,91,84,87.8
851,88,93,83,91,84,87.8
852,88,93,83,91,84,87.8
853,88,93,83,91,84,87.8
854,88,93,83,91,84,87.8
855,88,93,83,91,84,87.8
856,88,93,83,91,86,88.2
857,88,93,83,91,86,88.2
858,88,93,83,91,86,88.2
859,88,93,83,91,86,88.2
860,88,93,83,91,86,88.2
861,88,93,83,91,86,88.2
862,88,93,83,91,86,88.2
863,88,93,83,91,86,88.2
864,88,93,83,91,86,88.2
865,88,93,83,91,86,88.2
866,88,93,83,91,86,88.2
867,88,93,83,91,86,88.2
868,88,93,83,91,86,88.2
869,88,93,83,91,86,88.2
870,88,93,83,91,86,88.2
871,88,93,83,92,87,88.6
872,88,93,83,92,87,88.6
873,88,93,83,92,87,88.6
874,88,93,83,92,87,88.6
875,88,93,83,92,87,88.6
876,88,93,83,92,87,88.6
877,88,93,83,92,87,88.6
878,88,93,83,92,87,88.6
879,88,93,83,92,87,88.6
880,88,93,83,92,87,88.6
881,88,93,83,92,87,88.6
882,88,93,83,92,87,88.6
883,88,93,83,92,87,88.6
884,88,93,83,92,87,88.6
885,88,93,83,92,87,88.6
886,93,93,84,93,88,90.2
887,93,93,84,93,88,90.2
888,93,93,84,93,88,90.2
889,93,93,84,93,88,90.2
890,93,93,84,93,88,90.2
891,93,93,84,93,88,90.2
892,93,93,84,93,88,90.2
893,93,93,84,93,88,90.2
894,93,93,84,93,88,90.2
895,93,93,84,93,88,90.2
896,93,93,84,93,88,90.2
897,93,93,84,93,88,90.2
898,93,93,84,93,88,90.2
899,93,93,84,93,88,90.2
900,93,93,84,93,88,90.2
901,93,93,84,93,88,90.2
902,93,93,84,93,88,90.2
903,93,93,84,93,88,90.2
904,93,93,84,93,88,90.2
905,93,93,84,93,88,90.2
906,93,93,84,93,88,90.2
907,93,93,84,93,88,90.2
908,93,93,84,93,88,90.2
909,93,93,84,93,88,90.2
910,93,93,84,93,88,90.2
911,93,93,84,93,88,90.2
912,93,93,84,93,88,90.2
913,93,93,84,93,88,90.2
914,93,93,84,93,88,90.2
915,93,93,84,93,88,90.2
916,93,93,90,93,89,91.6
917,93,93,90,93,89,91.6
918,93,93,90,93,89,91.6
919,93,93,90,93,89,91.6
920,93,93,90,93,89,91.6
921,93,93,90,93,89,91.6
922,93,93,90,93,89,91.6
923,93,93,90,93,89,91.6
924,93,93,90,93,89,91.6
925,93,93,90,93,89,91.6
926,93,93,90,93,89,91.6
927,93,93,90,93,89,91.6
928,93,93,90,93,89,91.6
929,93,93,90,93,89,91.6
930,93,93,90,93,89,91.6
931,94,94,91,93,90,92.4
932,94,94,91,93,90,92.4
933,94,94,91,93,90,92.4
934,94,94,91,93,90,92.4
935,94,94,91,93,90,92.4
936,94,94,91,93,90,92.4
937,94,94,91,93,90,92.4
938,94,94,91,93,90,92.4
939,94,94,91,93,90,92.4
940,94,94,91,93,90,92.4
941,94,94,91,93,90,92.4
942,94,94,91,93,90,92.4
943,94,94,91,93,90,92.4
944,94,94,91,93,90,92.4
945,94,94,91,93,90,92.4
946,94,94,92,93,90,92.6
947,94,94,92,93,90,92.6
948,94,94,92,93,90,92.6
949,94,94,92,93,90,92.6
950,94,94,92,93,90,92.6
951,94,94,92,93,90,92.6
952,94,94,92,93,90,92.6
953,94,94,92,93,90,92.6
954,94,94,92,93,90,92.6
955,94,94,92,93,90,92.6
956,94,94,92,93,90,92.6
957,94,94,92,93,90,92.6
958,94,94,92,93,90,92.6
959,94,94,92,93,90,92.6
960,94,94,92,93,90,92.6
961,95,94,92,94,90,93
962,95,94,92,94,90,93
963,95,94,92,94,90,93
964,95,94,92,94,90,93
965,95,94,92,94,90,93
966,95,94,92,94,90,93
967,95,94,92,94,90,93
968,95,94,92,94,90,93
969,95,94,92,94,90,93
970,95,94,92,94,90,93
971,95,94,92,94,90,93
972,95,94,92,94,90,93
973,95,94,92,94,90,93
974,95,94,92,94,90,93
975,95,94,92,94,90,93
976,95,94,93,95,92,93.8
977,95,94,93,95,92,93.8
978,95,94,93,95,92,93.8
979,95,94,93,95,92,93.8
980,95,94,93,95,92,93.8
981,95,94,93,95,92,93.8
982,95,94,93,95,92,93.8
983,95,94,93,95,92,93.8
984,95,94,93,95,92,93.8
985,95,94,93,95,92,93.8
986,95,94,93,95,92,93.8
987,95,94,93,95,92,93.8
988,95,94,93,95,92,93.8
989,95,94,93,95,92,93.8
990,96,94,93,95,92,94
991,96,96,94,95,92,94.6
992,96,96,94,95,92,94.6
993,96,96,94,95,92,94.6
994,96,96,94,95,92,94.6
995,96,96,94,95,92,94.6
996,96,96,94,95,92,94.6
997,96,96,94,95,92,94.6
998,96,96,94,95,92,94.6
999,96,96,94,95,92,94.6
1000,96,96,94,95,92,94.6
1001,96,96,94,95,92,94.6
1002,96,96,94,95,92,94.6
1003,96,96,94,95,92,94.6
1004,96,96,94,95,92,94.6
1005,96,96,94,95,92,94.6
1006,96,96,94,95,92,94.6
1007,96,96,94,95,92,94.6
1008,96,96,94,95,92,94.6
1009,96,96,94,95,92,94.6
1010,96,96,94,95,92,94.6
1011,96,96,94,95,92,94.6
1012,96,96,94,95,92,94.6
1013,96,96,94,95,92,94.6
1014,96,96,94,95,92,94.6
1015,96,96,94,95,92,94.6
1016,96,96,94,95,92,94.6
1017,96,96,94,95,92,94.6
1018,96,96,94,95,92,94.6
1019,96,96,94,95,92,94.6
1020,96,96,94,95,92,94.6
1021,96,96,94,96,92,94.8
1022,96,96,94,96,92,94.8
1023,96,96,94,96,92,94.8
1024,96,96,94,96,92,94.8
1025,96,96,94,96,92,94.8
1026,96,96,94,96,92,94.8
1027,96,96,94,96,92,94.8
1028,96,96,94,96,92,94.8
1029,96,96,94,96,92,94.8
1030,96,96,94,96,92,94.8
1031,96,96,94,96,92,94.8
1032,96,96,94,96,92,94.8
1033,96,96,94,96,92,94.8
1034,96,96,94,96,92,94.8
1035,96,96,94,96,92,94.8
1036,96,96,94,96,92,94.8
1037,96,96,94,96,92,94.8
1038,96,96,94,96,92,94.8
1039,96,96,94,96,92,94.8
1040,96,96,94,96,92,94.8
1041,96,96,94,96,92,94.8
1042,96,96,94,96,92,94.8
1043,96,96,94,96,92,94.8
1044,96,96,94,96,92,94.8
1045,96,96,94,96,92,94.8
1046,96,96,94,96,92,94.8
1047,96,96,94,96,92,94.8
1048,96,96,94,96,92,94.8
1049,96,96,94,96,92,94.8
1050,96,96,94,96,92,94.8
1051,96,96,94,96,92,94.8
1052,96,96,94,96,92,94.8
1053,96,96,94,96,92,94.8
1054,96,96,94,96,92,94.8
1055,96,96,94,96,92,94.8
1056,96,96,94,96,92,94.8
1057,96,96,94,96,92,94.8
1058,96,96,94,96,92,94.8
1059,96,96,94,96,92,94.8
1060,96,96,94,96,92,94.8
1061,96,96,94,96,92,94.8
1062,96,96,94,96,92,94.8
1063,96,96,94,96,92,94.8
1064,96,96,94,96,92,94.8
1065,96,96,94,96,92,94.8
1066,96,96,95,96,93,95.2
1067,96,96,95,96,93,95.2
1068,96,96,95,96,93,95.2
1069,96,96,95,96,93,95.2
1070,96,96,95,96,93,95.2
1071,96,96,95,96,93,95.2
1072,96,96,95,96,93,95.2
1073,96,96,95,96,93,95.2
1074,96,96,95,96,93,95.2
1075,96,96,95,96,93,95.2
1076,96,96,95,96,93,95.2
1077,96,96,95,96,93,95.2
1078,96,96,95,96,93,95.2
1079,96,96,95,96,93,95.2
1080,96,96,95,96,93,95.2
1081,97,96,95,96,93,95.4
1082,97,96,95,96,93,95.4
1083,97,96,95,96,93,95.4
1084,97,96,95,96,93,95.4
1085,97,96,95,96,93,95.4
1086,97,96,95,96,93,95.4
1087,97,96,95,96,93,95.4
1088,97,96,95,96,93,95.4
1089,97,96,95,96,93,95.4
1090,97,96,95,96,93,95.4
1091,97,96,95,96,93,95.4
1092,97,96,95,96,93,95.4
1093,97,96,95,96,93,95.4
1094,97,96,95,96,93,95.4
1095,97,96,95,96,93,95.4
1096,99,96,95,96,93,95.8
1097,99,96,95,96,93,95.8
1098,99,96,95,96,93,95.8
1099,99,96,95,96,93,95.8
1100,99,96,95,96,93,95.8
1101,99,96,95,96,93,95.8
1102,99,96,95,96,93,95.8
1103,99,96,95,96,93,95.8
1104,99,96,95,96,93,95.8
1105,99,96,95,96,93,95.8
1106,99,96,95,96,93,95.8
1107,99,96,95,96,93,95.8
1108,99,96,95,96,93,95.8
1109,99,96,95,96,93,95.8
1110,99,96,95,96,93,95.8
1111,99,96,95,96,93,95.8
1112,99,96,95,96,93,95.8
1113,99,96,95,96,93,95.8
1114,99,96,95,96,93,95.8
1115,99,96,95,96,93,95.8
1116,99,96,95,96,93,95.8
1117,99,96,95,96,93,95.8
1118,99,96,95,96,93,95.8
1119,99,96,95,96,93,95.8
1120,99,96,95,96,93,95.8
1121,99,96,95,96,93,95.8
1122,99,96,95,96,93,95.8
1123,99,96,95,96,93,95.8
1124,99,96,95,96,93,95.8
1125,99,96,95,96,93,95.8
1126,99,97,95,96,95,96.4
1127,99,97,95,96,95,96.4
1128,99,97,95,96,95,96.4
1129,99,97,95,96,95,96.4
1130,99,97,95,96,95,96.4
1131,99,97,95,96,95,96.4
1132,99,97,95,96,95,96.4
1133,99,97,95,96,95,96.4
1134,99,97,95,96,95,96.4
1135,99,97,95,96,95,96.4
1136,99,97,95,96,95,96.4
1137,99,97,95,96,95,96.4
1138,99,97,95,96,95,96.4
1139,99,97,95,96,95,96.4
1140,99,97,95,96,95,96.4
1141,99,97,95,97,95,96.6
1142,99,97,95,97,95,96.6
1143,99,97,95,97,95,96.6
1144,99,97,95,97,95,96.6
1145,99,97,95,97,95,96.6
1146,99,97,95,97,95,96.6
1147,99,97,95,97,95,96.6
1148,99,97,95,97,95,96.6
1149,99,97,95,97,95,96.6
1150,99,97,95,97,95,96.6
1151,99,97,95,97,95,96.6
1152,99,97,95,97,95,96.6
1153,99,97,95,97,95,96.6
1154,99,97,95,97,95,96.6
1155,99,97,95,97,95,96.6
1156,99,97,95,98,95,96.8
1157,99,97,95,98,95,96.8
1158,99,97,95,98,95,96.8
1159,99,97,95,98,95,96.8
1160,99,97,95,98,95,96.8
1161,99,97,95,98,95,96.8
1162,99,97,95,98,95,96.8
1163,99,97,95,98,95,96.8
1164,99,97,95,98,95,96.8
1165,99,97,95,98,95,96.8
1166,99,97,95,98,95,96.8
1167,99,97,95,98,95,96.8
1168,99,97,95,98,95,96.8
1169,99,97,95,98,95,96.8
1170,99,97,95,98,95,96.8
1171,99,97,95,98,95,96.8
1172,99,97,95,98,95,96.8
1173,99,97,95,98,95,96.8
1174,99,97,95,98,95,96.8
1175,99,97,95,98,95,96.8
1176,99,97,95,98,95,96.8
1177,99,97,95,98,95,96.8
1178,99,97,95,98,95,96.8
1179,99,97,95,98,95,96.8
1180,99,97,95,98,95,96.8
1181,99,97,95,98,95,96.8
1182,99,97,95,98,95,96.8
1183,99,97,95,98,95,96.8
1184,99,97,95,98,95,96.8
1185,99,97,95,98,95,96.8
1186,99,97,96,98,95,97
1187,99,97,96,98,95,97
1188,99,97,96,98,95,97
1189,99,97,96,98,95,97
1190,99,97,96,98,95,97
1191,99,97,96,98,95,97
1192,99,97,96,98,95,97
1193,99,97,96,98,95,97
1194,99,97,96,98,95,97
1195,99,97,96,98,95,97
1196,99,97,96,98,95,97
1197,99,97,96,98,95,97
1198,99,97,96,98,95,97
1199,99,97,96,98,95,97
1200,99,97,96,98,95,97
1201,99,97,97,98,95,97.2
1202,99,97,97,98,95,97.2
1203,99,97,97,98,95,97.2
1204,99,97,97,98,95,97.2
1205,99,97,97,98,95,97.2
1206,99,97,97,98,95,97.2
1207,99,97,97,98,95,97.2
1208,99,97,97,98,95,97.2
1209,99,97,97,98,95,97.2
1210,99,97,97,98,95,97.2
1211,99,97,97,98,95,97.2
1212,99,97,97,98,95,97.2
1213,99,97,97,98,95,97.2
1214,99,97,97,98,95,97.2
1215,99,97,97,98,95,97.2
1216,99,97,97,98,95,97.2
1217,99,97,97,98,95,97.2
1218,99,97,97,98,95,97.2
1219,99,97,97,98,95,97.2
1220,99,97,97,98,95,97.2
1221,99,97,97,98,95,97.2
1222,99,97,97,98,95,97.2
1223,99,97,97,98,95,97.2
1224,99,97,97,98,95,97.2
1225,99,97,97,98,95,97.2
1226,99,97,97,98,95,97.2
1227,99,97,97,98,95,97.2
1228,99,97,97,98,95,97.2
1229,99,97,97,98,95,97.2
1230,99,97,97,98,95,97.2
1231,99,97,97,99,95,97.4
1232,99,97,97,99,95,97.4
1233,99,97,97,99,95,97.4
1234,99,97,97,99,95,97.4
1235,99,97,97,99,95,97.4
1236,99,97,97,99,95,97.4
1237,99,97,97,99,95,97.4
1238,99,97,97,99,95,97.4
1239,99,97,97,99,95,97.4
1240,99,97,97,99,95,97.4
1241,99,97,97,99,95,97.4
1242,99,97,97,99,95,97.4
1243,99,97,97,99,95,97.4
1244,99,97,97,99,95,97.4
1245,99,97,97,99,95,97.4
1246,100,97,97,99,95,97.6
1247,100,97,97,99,95,97.6
1248,100,97,97,99,95,97.6
1249,100,97,97,99,95,97.6
1250,100,97,97,99,95,97.6
1251,100,97,97,99,95,97.6
1252,100,97,97,99,95,97.6
1253,100,97,97,99,95,97.6
1254,100,97,97,99,95,97.6
1255,100,97,97,99,95,97.6
1256,100,97,97,99,95,97.6
1257,100,97,97,99,95,97.6
1258,100,97,97,99,95,97.6
1259,100,97,97,99,95,97.6
1260,100,97,97,99,95,97.6
1261,100,97,97,99,95,97.6
1262,100,97,97,99,95,97.6
1263,100,97,97,99,95,97.6
1264,100,97,97,99,95,97.6
1265,100,97,97,99,95,97.6
1266,100,97,97,99,95,97.6
1267,100,97,97,99,95,97.6
1268,100,97,97,99,95,97.6
1269,100,97,97,99,95,97.6
1270,100,97,97,99,95,97.6
1271,100,97,97,99,95,97.6
1272,100,97,97,99,95,97.6
1273,100,97,97,99,95,97.6
1274,100,97,97,99,95,97.6
1275,100,97,97,99,95,97.6
1276,100,97,97,99,95,97.6
1277,100,97,97,99,95,97.6
1278,100,97,97,99,95,97.6
1279,100,97,97,99,95,97.6
1280,100,97,97,99,95,97.6
1281,100,97,97,99,95,97.6
1282,100,97,97,99,95,97.6
1283,100,97,97,99,95,97.6
1284,100,97,97,99,95,97.6
1285,100,97,97,99,95,97.6
1286,100,97,97,99,95,97.6
1287,100,97,97,99,95,97.6
1288,100,97,97,99,95,97.6
1289,100,97,97,99,95,97.6
1290,100,97,97,99,95,97.6
1291,100,97,97,99,95,97.6
1292,100,97,97,99,95,97.6
1293,100,97,97,99,95,97.6
1294,100,97,97,99,95,97.6
1295,100,97,97,99,95,97.6
1296,100,97,97,99,95,97.6
1297,100,97,97,99,95,97.6
1298,100,97,97,99,95,97.6
1299,100,97,97,99,95,97.6
1300,100,97,97,99,95,97.6
1301,100,97,97,99,95,97.6
1302,100,97,97,99,95,97.6
1303,100,97,97,99,95,97.6
1304,100,97,97,99,95,97.6
1305,100,97,97,99,95,97.6
1306,100,97,98,99,95,97.8
1307,100,97,98,99,95,97.8
1308,100,97,98,99,95,97.8
1309,100,97,98,99,95,97.8
1310,100,97,98,99,95,97.8
1311,100,97,98,99,95,97.8
1312,100,97,98,99,95,97.8
1313,100,97,98,99,95,97.8
1314,100,97,98,99,95,97.8
1315,100,97,98,99,95,97.8
1316,100,97,98,99,95,97.8
1317,100,97,98,99,95,97.8
1318,100,97,98,99,95,97.8
1319,100,97,98,99,95,97.8
1320,100,97,98,99,95,97.8
1321,100,97,99,99,95,98
1322,100,97,99,99,95,98
1323,100,97,99,99,95,98
1324,100,97,99,99,95,98
1325,100,97,99,99,95,98
1326,100,97,99,99,95,98
1327,100,97,99,99,95,98
1328,100,97,99,99,95,98
1329,100,97,99,99,95,98
1330,100,97,99,99,95,98
1331,100,97,99,99,95,98
1332,100,97,99,99,95,98
1333,100,97,99,99,95,98
1334,100,97,99,99,95,98
1335,100,97,99,99,95,98
1336,100,97,99,99,96,98.2
1337,100,97,99,99,96,98.2
1338,100,97,99,99,96,98.2
1339,100,97,99,99,96,98.2
1340,100,97,99,99,96,98.2
1341,100,97,99,99,96,98.2
1342,100,97,99,99,96,98.2
1343,100,97,99,99,96,98.2
1344,100,97,99,99,96,98.2
1345,100,97,99,99,96,98.2
1346,100,97,99,99,96,98.2
1347,100,97,99,99,96,98.2
1348,100,97,99,99,96,98.2
1349,100,97,99,99,96,98.2
1350,100,97,99,99,96,98.2
1351,100,97,99,99,96,98.2
1352,100,97,99,99,96,98.2
1353,100,97,99,99,96,98.2
1354,100,97,99,99,96,98.2
1355,100,97,99,99,96,98.2
1356,100,97,99,99,96,98.2
1357,100,97,99,99,96,98.2
1358,100,97,99,99,96,98.2
1359,100,97,99,99,96,98.2
1360,100,97,99,99,96,98.2
1361,100,97,99,99,96,98.2
1362,100,97,99,99,96,98.2
1363,100,97,99,99,96,98.2
1364,100,97,99,99,96,98.2
1365,100,97,99,99,96,98.2
1366,100,97,99,99,96,98.2
1367,100,97,99,99,96,98.2
1368,100,97,99,99,96,98.2
1369,100,97,99,99,96,98.2
1370,100,97,99,99,96,98.2
1371,100,97,99,99,96,98.2
1372,100,97,99,99,96,98.2
1373,100,97,99,99,96,98.2
1374,100,97,99,99,96,98.2
1375,100,97,99,99,96,98.2
1376,100,97,99,99,96,98.2
1377,100,97,99,99,96,98.2
1378,100,97,99,99,96,98.2
1379,100,97,99,99,96,98.2
1380,100,97,99,99,96,98.2
1381,100,97,99,99,96,98.2
1382,100,97,99,99,96,98.2
1383,100,97,99,99,96,98.2
1384,100,97,99,99,96,98.2
1385,100,97,99,99,96,98.2
1386,100,97,99,99,96,98.2
1387,100,97,99,99,96,98.2
1388,100,97,99,99,96,98.2
1389,100,97,99,99,96,98.2
1390,100,97,99,99,96,98.2
1391,100,97,99,99,96,98.2
1392,100,97,99,99,96,98.2
1393,100,97,99,99,96,98.2
1394,100,97,99,99,96,98.2
1395,100,97,99,99,96,98.2
1396,100,97,99,99,97,98.4
1397,100,97,99,99,97,98.4
1398,100,97,99,99,97,98.4
1399,100,97,99,99,97,98.4
1400,100,97,99,99,97,98.4
1401,100,97,99,99,97,98.4
1402,100,97,99,99,97,98.4
1403,100,97,99,99,97,98.4
1404,100,97,99,99,97,98.4
1405,100,97,99,99,97,98.4
1406,100,97,99,99,97,98.4
1407,100,97,99,99,97,98.4
1408,100,97,99,99,97,98.4
1409,100,97,99,99,97,98.4
1410,100,97,99,99,97,98.4
1411,100,97,99,99,97,98.4
1412,100,97,99,99,97,98.4
1413,100,97,99,99,97,98.4
1414,100,97,99,99,97,98.4
1415,100,97,99,99,97,98.4
1416,100,97,99,99,97,98.4
1417,100,97,99,99,97,98.4
1418,100,97,99,99,97,98.4
1419,100,97,99,99,97,98.4
1420,100,97,99,99,97,98.4
1421,100,97,99,99,97,98.4
1422,100,97,99,99,97,98.4
1423,100,97,99,99,97,98.4
1424,100,97,99,99,97,98.4
1425,100,97,99,99,97,98.4
1426,100,97,99,99,97,98.4
1427,100,97,99,99,97,98.4
1428,100,97,99,99,97,98.4
1429,100,97,99,99,97,98.4
1430,100,97,99,99,97,98.4
1431,100,97,99,99,97,98.4
1432,100,97,99,99,97,98.4
1433,100,97,99,99,97,98.4
1434,100,97,99,99,97,98.4
1435,100,97,99,99,97,98.4
1436,100,97,99,99,97,98.4
1437,100,97,99,99,97,98.4
1438,100,97,99,99,97,98.4
1439,100,97,99,99,97,98.4
1440,100,97,99,99,97,98.4
1441,100,97,99,99,97,98.4
1442,100,97,99,99,97,98.4
1443,100,97,99,99,97,98.4
1444,100,97,99,99,97,98.4
1445,100,97,99,99,97,98.4
1446,100,97,99,99,97,98.4
1447,100,97,99,99,97,98.4
1448,100,97,99,99,97,98.4
1449,100,97,99,99,97,98.4
1450,100,97,99,99,97,98.4
1451,100,97,99,99,97,98.4
1452,100,97,99,99,97,98.4
1453,100,97,99,99,97,98.4
1454,100,97,99,99,97,98.4
1455,100,97,99,99,97,98.4
1456,100,97,99,99,97,98.4
1457,100,97,99,99,97,98.4
1458,100,97,99,99,97,98.4
1459,100,97,99,99,97,98.4
1460,100,97,99,99,97,98.4
1461,100,97,99,99,97,98.4
1462,100,97,99,99,97,98.4
1463,100,97,99,99,97,98.4
1464,100,97,99,99,97,98.4
1465,100,97,99,99,97,98.4
1466,100,97,99,99,97,98.4
1467,100,97,99,99,97,98.4
1468,100,97,99,99,97,98.4
1469,100,97,99,99,97,98.4
1470,100,97,99,99,97,98.4
1471,100,97,99,99,97,98.4
1472,100,97,99,99,97,98.4
1473,100,97,99,99,97,98.4
1474,100,97,99,99,97,98.4
1475,100,97,99,99,97,98.4
1476,100,97,99,99,97,98.4
1477,100,97,99,99,97,98.4
1478,100,97,99,99,97,98.4
1479,100,97,99,99,97,98.4
1480,100,97,99,99,97,98.4
1481,100,97,99,99,97,98.4
1482,100,97,99,99,97,98.4
1483,100,97,99,99,97,98.4
1484,100,97,99,99,97,98.4
1485,100,97,99,99,97,98.4
1486,100,97,99,99,97,98.4
1487,100,97,99,99,97,98.4
1488,100,97,99,99,97,98.4
1489,100,97,99,99,97,98.4
1490,100,97,99,99,97,98.4
1491,100,97,99,99,97,98.4
1492,100,97,99,99,97,98.4
1493,100,97,99,99,97,98.4
1494,100,97,99,99,97,98.4
1495,100,97,99,99,97,98.4
1496,100,97,99,99,97,98.4
1497,100,97,99,99,97,98.4
1498,100,97,99,99,97,98.4
1499,100,97,99,99,97,98.4
1500,100,97,99,99,97,98.4
1501,100,97,99,99,97,98.4
1502,100,97,99,99,97,98.4
1503,100,97,99,99,97,98.4
1504,100,97,99,99,97,98.4
1505,100,97,99,99,97,98.4
1506,100,97,99,99,97,98.4
1507,100,97,99,99,97,98.4
1508,100,97,99,99,97,98.4
1509,100,97,99,99,97,98.4
1510,100,97,99,99,97,98.4
1511,100,97,99,99,97,98.4
1512,100,97,99,99,97,98.4
1513,100,97,99,99,97,98.4
1514,100,97,99,99,97,98.4
1515,100,97,99,99,97,98.4
1516,100,97,99,99,97,98.4
1517,100,97,99,99,97,98.4
1518,100,97,99,99,97,98.4
1519,100,97,99,99,97,98.4
1520,100,97,99,99,97,98.4
1521,100,97,99,99,97,98.4
1522,100,97,99,99,97,98.4
1523,100,97,99,99,97,98.4
1524,100,97,99,99,97,98.4
1525,100,97,99,99,97,98.4
1526,100,97,99,99,97,98.4
1527,100,97,99,99,97,98.4
1528,100,97,99,99,97,98.4
1529,100,97,99,99,97,98.4
1530,100,97,99,99,97,98.4
1531,100,97,99,99,97,98.4
1532,100,97,99,99,97,98.4
1533,100,97,99,99,97,98.4
1534,100,97,99,99,97,98.4
1535,100,97,99,99,97,98.4
1536,100,97,99,99,97,98.4
1537,100,97,99,99,97,98.4
1538,100,97,99,99,97,98.4
1539,100,97,99,99,97,98.4
1540,100,97,99,99,97,98.4
1541,100,97,99,99,97,98.4
1542,100,97,99,99,97,98.4
1543,100,97,99,99,97,98.4
1544,100,97,99,99,97,98.4
1545,100,97,99,99,97,98.4
1546,100,97,99,99,97,98.4
1547,100,97,99,99,97,98.4
1548,100,97,99,99,97,98.4
1549,100,97,99,99,97,98.4
1550,100,97,99,99,97,98.4
1551,100,97,99,99,97,98.4
1552,100,97,99,99,97,98.4
1553,100,97,99,99,97,98.4
1554,100,97,99,99,97,98.4
1555,100,97,99,99,97,98.4
1556,100,97,99,99,97,98.4
1557,100,97,99,99,97,98.4
1558,100,97,99,99,97,98.4
1559,100,97,99,99,97,98.4
1560,100,97,99,99,97,98.4
1561,100,97,99,99,97,98.4
1562,100,97,99,99,97,98.4
1563,100,97,99,99,97,98.4
1564,100,97,99,99,97,98.4
1565,100,97,99,99,97,98.4
1566,100,97,99,99,97,98.4
1567,100,97,99,99,97,98.4
1568,100,97,99,99,97,98.4
1569,100,97,99,99,97,98.4
1570,100,97,99,99,97,98.4
1571,100,97,99,99,97,98.4
1572,100,97,99,99,97,98.4
1573,100,97,99,99,97,98.4
1574,100,97,99,99,97,98.4
1575,100,97,99,99,97,98.4
1576,100,97,99,99,97,98.4
1577,100,97,99,99,97,98.4
1578,100,97,99,99,97,98.4
1579,100,97,99,99,97,98.4
1580,100,97,99,99,97,98.4
1581,100,97,99,99,97,98.4
1582,100,97,99,99,97,98.4
1583,100,97,99,99,97,98.4
1584,100,97,99,99,97,98.4
1585,100,97,99,99,97,98.4
1586,100,97,99,99,97,98.4
1587,100,97,99,99,97,98.4
1588,100,97,99,99,97,98.4
1589,100,97,99,99,97,98.4
1590,100,97,99,99,97,98.4
1591,100,97,99,99,97,98.4
1592,100,97,99,99,97,98.4
1593,100,97,99,99,97,98.4
1594,100,97,99,99,97,98.4
1595,100,97,99,99,97,98.4
1596,100,97,99,99,97,98.4
1597,100,97,99,99,97,98.4
1598,100,97,99,99,97,98.4
1599,100,97,99,99,97,98.4
1600,100,97,99,99,97,98.4
1601,100,97,99,99,97,98.4
1602,100,97,99,99,97,98.4
1603,100,97,99,99,97,98.4
1604,100,97,99,99,97,98.4
1605,100,97,99,99,97,98.4
1606,100,97,99,99,97,98.4
1607,100,97,99,99,97,98.4
1608,100,97,99,99,97,98.4
1609,100,97,99,99,97,98.4
1610,100,97,99,99,97,98.4
1611,100,97,99,99,97,98.4
1612,100,97,99,99,97,98.4
1613,100,97,99,99,97,98.4
1614,100,97,99,99,97,98.4
1615,100,97,99,99,97,98.4
1616,100,97,99,99,97,98.4
1617,100,97,99,99,97,98.4
1618,100,97,99,99,97,98.4
1619,100,97,99,99,97,98.4
1620,100,97,99,99,97,98.4
1621,100,97,99,99,97,98.4
1622,100,97,99,99,97,98.4
1623,100,97,99,99,97,98.4
1624,100,97,99,99,97,98.4
1625,100,97,99,99,97,98.4
1626,100,97,99,99,97,98.4
1627,100,97,99,99,97,98.4
1628,100,97,99,99,97,98.4
1629,100,97,99,99,97,98.4
1630,100,97,99,99,97,98.4
1631,100,97,99,99,97,98.4
1632,100,97,99,99,97,98.4
1633,100,97,99,99,97,98.4
1634,100,97,99,99,97,98.4
1635,100,97,99,99,97,98.4
1636,100,97,99,99,97,98.4
1637,100,97,99,99,97,98.4
1638,100,97,99,99,97,98.4
1639,100,97,99,99,97,98.4
1640,100,97,99,99,97,98.4
1641,100,97,99,99,97,98.4
1642,100,97,99,99,97,98.4
1643,100,97,99,99,97,98.4
1644,100,97,99,99,97,98.4
1645,100,97,99,99,97,98.4
1646,100,97,99,99,97,98.4
1647,100,97,99,99,97,98.4
1648,100,97,99,99,97,98.4
1649,100,97,99,99,97,98.4
1650,100,97,99,99,97,98.4
1651,100,97,99,99,97,98.4
1652,100,97,99,99,97,98.4
1653,100,97,99,99,97,98.4
1654,100,97,99,99,97,98.4
1655,100,97,99,99,97,98.4
1656,100,97,99,99,97,98.4
1657,100,97,99,99,97,98.4
1658,100,97,99,99,97,98.4
1659,100,97,99,99,97,98.4
1660,100,97,99,99,97,98.4
1661,100,97,99,99,97,98.4
1662,100,97,99,99,97,98.4
1663,100,97,99,99,97,98.4
1664,100,97,99,99,97,98.4
1665,100,97,99,99,97,98.4
1666,100,97,99,99,97,98.4
1667,100,97,99,99,97,98.4
1668,100,97,99,99,97,98.4
1669,100,97,99,99,97,98.4
1670,100,97,99,99,97,98.4
1671,100,97,99,99,97,98.4
1672,100,97,99,99,97,98.4
1673,100,97,99,99,97,98.4
1674,100,97,99,99,97,98.4
1675,100,97,99,99,97,98.4
1676,100,97,99,99,97,98.4
1677,100,97,99,99,97,98.4
1678,100,97,99,99,97,98.4
1679,100,97,99,99,97,98.4
1680,100,97,99,99,97,98.4
1681,100,97,99,99,97,98.4
1682,100,97,99,99,97,98.4
1683,100,97,99,99,97,98.4
1684,100,97,99,99,97,98.4
1685,100,97,99,99,97,98.4
1686,100,97,99,99,97,98.4
1687,100,97,99,99,97,98.4
1688,100,97,99,99,97,98.4
1689,100,97,99,99,97,98.4
1690,100,97,99,99,97,98.4
1691,100,97,99,99,97,98.4
1692,100,97,99,99,97,98.4
1693,100,97,99,99,97,98.4
1694,100,97,99,99,97,98.4
1695,100,97,99,99,97,98.4
1696,100,97,99,99,97,98.4
1697,100,97,99,99,97,98.4
1698,100,97,99,99,97,98.4
1699,100,97,99,99,97,98.4
1700,100,97,99,99,97,98.4
1701,100,97,99,99,97,98.4
1702,100,97,99,99,97,98.4
1703,100,97,99,99,97,98.4
1704,100,97,99,99,97,98.4
1705,100,97,99,99,97,98.4
1706,100,97,99,99,97,98.4
1707,100,97,99,99,97,98.4
1708,100,97,99,99,97,98.4
1709,100,97,99,99,97,98.4
1710,100,97,99,99,97,98.4
1711,100,97,99,99,97,98.4
1712,100,97,99,99,97,98.4
1713,100,97,99,99,97,98.4
1714,100,97,99,99,97,98.4
1715,100,97,99,99,97,98.4
1716,100,97,99,99,97,98.4
1717,100,97,99,99,97,98.4
1718,100,97,99,99,97,98.4
1719,100,97,99,99,97,98.4
1720,100,97,99,99,97,98.4
1721,100,97,99,99,97,98.4
1722,100,97,99,99,97,98.4
1723,100,97,99,99,97,98.4
1724,100,97,99,99,97,98.4
1725,100,97,99,99,97,98.4
1726,100,97,99,99,97,98.4
1727,100,97,99,99,97,98.4
1728,100,97,99,99,97,98.4
1729,100,97,99,99,97,98.4
1730,100,97,99,99,97,98.4
1731,100,97,99,99,97,98.4
1732,100,97,99,99,97,98.4
1733,100,97,99,99,97,98.4
1734,100,97,99,99,97,98.4
1735,100,97,99,99,97,98.4
1736,100,97,99,99,97,98.4
1737,100,97,99,99,97,98.4
1738,100,97,99,99,97,98.4
1739,100,97,99,99,97,98.4
1740,100,97,99,99,97,98.4
1741,100,97,99,99,97,98.4
1742,100,97,99,99,97,98.4
1743,100,97,99,99,97,98.4
1744,100,97,99,99,97,98.4
1745,100,97,99,99,97,98.4
1746,100,97,99,99,97,98.4
1747,100,97,99,99,97,98.4
1748,100,97,99,99,97,98.4
1749,100,97,99,99,97,98.4
1750,100,97,99,99,97,98.4
1751,100,97,99,99,97,98.4
1752,100,97,99,99,97,98.4
1753,100,97,99,99,97,98.4
1754,100,97,99,99,97,98.4
1755,100,97,99,99,97,98.4
1756,100,97,99,99,97,98.4
1757,100,97,99,99,97,98.4
1758,100,97,99,99,97,98.4
1759,100,97,99,99,97,98.4
1760,100,97,99,99,97,98.4
1761,100,97,99,99,97,98.4
1762,100,97,99,99,97,98.4
1763,100,97,99,99,97,98.4
1764,100,97,99,99,97,98.4
1765,100,97,99,99,97,98.4
1766,100,97,99,99,97,98.4
1767,100,97,99,99,97,98.4
1768,100,97,99,99,97,98.4
1769,100,97,99,99,97,98.4
1770,100,97,99,99,97,98.4
1771,100,97,99,99,97,98.4
1772,100,97,99,99,97,98.4
1773,100,97,99,99,97,98.4
1774,100,97,99,99,97,98.4
1775,100,97,99,99,97,98.4
1776,100,97,99,99,97,98.4
1777,100,97,99,99,97,98.4
1778,100,97,99,99,97,98.4
1779,100,97,99,99,97,98.4
1780,100,97,99,99,97,98.4
1781,100,97,99,99,97,98.4
1782,100,97,99,99,97,98.4
1783,100,97,99,99,97,98.4
1784,100,97,99,99,97,98.4
1785,100,97,99,99,97,98.4
1786,100,97,99,99,97,98.4
1787,100,97,99,99,97,98.4
1788,100,97,99,99,97,98.4
1789,100,97,99,99,97,98.4
1790,100,97,99,99,97,98.4
1791,100,97,99,99,97,98.4
1792,100,97,99,99,97,98.4
1793,100,97,99,99,97,98.4
1794,100,97,99,99,97,98.4
1795,100,97,99,99,97,98.4
1796,100,97,99,99,97,98.4
1797,100,97,99,99,97,98.4
1798,100,97,99,99,97,98.4
1799,100,97,99,99,97,98.4
1800,100,97,99,99,97,98.4
1801,100,97,99,99,97,98.4
1802,100,97,99,99,97,98.4
1803,100,97,99,99,97,98.4
1804,100,97,99,99,97,98.4
1805,100,97,99,99,97,98.4
1806,100,97,99,99,97,98.4
1807,100,97,99,99,97,98.4
1808,100,97,99,99,97,98.4
1809,100,97,99,99,97,98.4
1810,100,97,99,99,97,98.4
1811,100,97,99,99,97,98.4
1812,100,97,99,99,97,98.4
1813,100,97,99,99,97,98.4
1814,100,97,99,99,97,98.4
1815,100,97,99,99,97,98.4
1816,100,97,99,99,97,98.4
1817,100,97,99,99,97,98.4
1818,100,97,99,99,97,98.4
1819,100,97,99,99,97,98.4
1820,100,97,99,99,97,98.4
1821,100,97,99,99,97,98.4
1822,100,97,99,99,97,98.4
1823,100,97,99,99,97,98.4
1824,100,97,99,99,97,98.4
1825,100,97,99,99,97,98.4
1826,100,97,99,99,97,98.4
1827,100,97,99,99,97,98.4
1828,100,97,99,99,97,98.4
1829,100,97,99,99,97,98.4
1830,100,97,99,99,97,98.4
1831,100,97,99,99,97,98.4
1832,100,97,99,99,97,98.4
1833,100,97,99,99,97,98.4
1834,100,97,99,99,97,98.4
1835,100,97,99,99,97,98.4
1836,100,97,99,99,97,98.4
1837,100,97,99,99,97,98.4
1838,100,97,99,99,97,98.4
1839,100,97,99,99,97,98.4
1840,100,97,99,99,97,98.4
1841,100,97,99,99,97,98.4
1842,100,97,99,99,97,98.4
1843,100,97,99,99,97,98.4
1844,100,97,99,99,97,98.4
1845,100,98,99,99,97,98.6